"Dataset","Threshold_Label","Threshold","N","MetS_Events","Prevalence","TP","FP","TN","FN","Accuracy","Sensitivity","Specificity","PPV","NPV","F1_Score","False_Positive_Rate","False_Negative_Rate","Predicted_Positive_Rate"
"Testing set","0.15",0.15,2960,659,0.222635135135135,571,895,1406,88,0.667905405405405,0.866464339908953,0.611038678835289,0.389495225102319,0.941097724230254,0.537411764705882,0.388961321164711,0.133535660091047,0.49527027027027
"Testing set","0.20",0.2,2960,659,0.222635135135135,530,727,1574,129,0.710810810810811,0.804248861911988,0.684050412863972,0.421638822593477,0.924251321197886,0.553235908141962,0.315949587136028,0.195751138088012,0.424662162162162
"Testing set","Training-set Youden",0.249834820579713,2960,659,0.222635135135135,486,571,1730,173,0.748648648648649,0.737481031866464,0.751847023033464,0.459791863765374,0.909090909090909,0.566433566433566,0.248152976966536,0.262518968133536,0.357094594594595
"Testing set","0.30",0.3,2960,659,0.222635135135135,442,424,1877,217,0.783445945945946,0.670713201820941,0.815732290308562,0.510392609699769,0.896370582617001,0.579672131147541,0.184267709691438,0.329286798179059,0.292567567567568
"Testing set","0.35",0.35,2960,659,0.222635135135135,377,302,1999,282,0.802702702702703,0.572078907435508,0.868752716210343,0.555228276877761,0.876370013152126,0.563527653213752,0.131247283789657,0.427921092564492,0.229391891891892
"External validation","0.15",0.15,553,213,0.385171790235081,206,223,117,7,0.584086799276673,0.967136150234742,0.344117647058824,0.48018648018648,0.943548387096774,0.641744548286604,0.655882352941176,0.0328638497652582,0.775768535262206
"External validation","0.20",0.2,553,213,0.385171790235081,201,191,149,12,0.632911392405063,0.943661971830986,0.438235294117647,0.512755102040816,0.925465838509317,0.664462809917355,0.561764705882353,0.0563380281690141,0.708860759493671
"External validation","Training-set Youden",0.249834820579713,553,213,0.385171790235081,198,169,171,15,0.667269439421338,0.929577464788732,0.502941176470588,0.539509536784741,0.919354838709677,0.682758620689655,0.497058823529412,0.0704225352112676,0.663652802893309
"External validation","0.30",0.3,553,213,0.385171790235081,181,134,206,32,0.699819168173599,0.849765258215962,0.605882352941176,0.574603174603175,0.865546218487395,0.685606060606061,0.394117647058824,0.150234741784038,0.569620253164557
"External validation","0.35",0.35,553,213,0.385171790235081,170,105,235,43,0.732368896925859,0.7981220657277,0.691176470588235,0.618181818181818,0.845323741007194,0.69672131147541,0.308823529411765,0.2018779342723,0.497287522603978
