"Dataset","Scheme","Low_Cutoff","High_Cutoff","Probability_Stratum","N","Proportion_of_Cohort","MetS_Events","MetS_Prevalence","Prevalence_Lower95","Prevalence_Upper95","Overall_Prevalence","Prevalence_Ratio_to_Overall"
"Testing set","Alternative A",0.1,0.3,"Low",1201,0.405743243243243,57,0.0474604496253122,0.0361411781776914,0.0610561799177123,0.222635135135135,0.213175919409597
"Testing set","Alternative A",0.1,0.3,"Intermediate",893,0.301689189189189,160,0.179171332586786,0.154550368155681,0.205929150751039,0.222635135135135,0.804775636505139
"Testing set","Alternative A",0.1,0.3,"High",866,0.292567567567568,442,0.510392609699769,0.476534233782973,0.544180053420349,0.222635135135135,2.29250701777134
"Testing set","Original",0.15,0.33,"Low",1494,0.50472972972973,88,0.0589022757697456,0.0475060127552291,0.0720683868459729,0.222635135135135,0.264568643821619
"Testing set","Original",0.15,0.33,"Intermediate",717,0.24222972972973,170,0.237099023709902,0.206405835311114,0.269972584066317,0.222635135135135,1.06496678327968
"Testing set","Original",0.15,0.33,"High",749,0.253040540540541,401,0.535380507343124,0.49891522204122,0.571566185455721,0.222635135135135,2.40474400870356
"Testing set","Alternative B",0.2,0.4,"Low",1703,0.575337837837838,129,0.0757486788021139,0.0636279035340153,0.0893543430378273,0.222635135135135,0.340236857745459
"Testing set","Alternative B",0.2,0.4,"Intermediate",735,0.248310810810811,215,0.292517006802721,0.259836994749926,0.326872109716384,0.222635135135135,1.31388518988779
"Testing set","Alternative B",0.2,0.4,"High",522,0.176351351351351,315,0.603448275862069,0.560036886468134,0.645681475182046,0.222635135135135,2.71048087488881
"External validation","Alternative A",0.1,0.3,"Low",99,0.179023508137432,4,0.0404040404040404,0.011116748798576,0.100227906568749,0.385171790235081,0.104898752786077
"External validation","Alternative A",0.1,0.3,"Intermediate",139,0.251356238698011,28,0.201438848920863,0.13822471642488,0.277805848745328,0.385171790235081,0.522984429357922
"External validation","Alternative A",0.1,0.3,"High",315,0.569620253164557,181,0.574603174603175,0.517931263277259,0.629858688424567,0.385171790235081,1.49181011997913
"External validation","Original",0.15,0.33,"Low",124,0.224231464737794,7,0.0564516129032258,0.0229949864229857,0.112854795377548,0.385171790235081,0.146562168711192
"External validation","Original",0.15,0.33,"Intermediate",139,0.251356238698011,33,0.237410071942446,0.169404377748092,0.316943047632688,0.385171790235081,0.61637450602898
"External validation","Original",0.15,0.33,"High",290,0.524412296564195,173,0.596551724137931,0.537614506367589,0.653495021333461,0.385171790235081,1.5487939129027
"External validation","Alternative B",0.2,0.4,"Low",161,0.291139240506329,12,0.0745341614906832,0.0391044873074741,0.12657634103496,0.385171790235081,0.193508879363135
"External validation","Alternative B",0.2,0.4,"Intermediate",154,0.278481012658228,39,0.253246753246753,0.186696207665066,0.329543797788498,0.385171790235081,0.657490396927017
"External validation","Alternative B",0.2,0.4,"High",238,0.430379746835443,162,0.680672268907563,0.617357986951285,0.739417875889525,0.385171790235081,1.76719138359569
