"Predictor","Diagnostic_Component","Spearman_r","Pearson_r","Abs_Spearman_r"
"BMI","waist",0.838885590237395,0.817112418613146,0.838885590237395
"HbA1c","FPG",0.417715777361195,0.757113734367403,0.417715777361195
"BMI","TG",0.372969389288305,0.295856289508188,0.372969389288305
"TC","HDL_C",0.346973926254856,0.330325242746822,0.346973926254856
"TC","TG",0.314975455998991,0.296255647006666,0.314975455998991
"BMI","HDL_C",-0.276759120173634,-0.270885398046097,0.276759120173634
"BMI","DBP",0.26103507092487,0.249491950821618,0.26103507092487
"BMI","FPG",0.248188881782802,0.161668560697581,0.248188881782802
"age","SBP",0.237876297911023,0.237421640370954,0.237876297911023
"HbA1c","waist",0.210866575897267,0.192351042476747,0.210866575897267
"UA","waist",0.210268261991099,0.199034015935134,0.210268261991099
"BMI","SBP",0.202347419017953,0.178650567468001,0.202347419017953
"UA","TG",0.194769953382004,0.187824962279297,0.194769953382004
"pulse","DBP",0.191850421309422,0.20043718542492,0.191850421309422
"HbA1c","TG",0.17188891425007,0.186216413111602,0.17188891425007
"pulse","FPG",0.158498401924399,0.145687216351938,0.158498401924399
"UA","HDL_C",-0.152383671511858,-0.137678434937215,0.152383671511858
"TC","FPG",0.151108067441469,0.0895200033840408,0.151108067441469
"pulse","TG",0.124271772708371,0.115985393447446,0.124271772708371
"BUN","TG",-0.121880353175837,-0.0900425255693158,0.121880353175837
"UA","DBP",0.119711181833827,0.119442691909193,0.119711181833827
"TC","waist",0.11859723537532,0.106890046968172,0.11859723537532
"TC","SBP",0.11327633459606,0.104179792751675,0.11327633459606
"UA","FPG",0.10975844942289,0.0209137480036475,0.10975844942289
"HbA1c","SBP",0.103530078210489,0.0832799553338544,0.103530078210489
"UA","SBP",0.0989324206854455,0.0929586750786849,0.0989324206854455
"TC","DBP",0.098431571941788,0.0945826367489242,0.098431571941788
"age","FPG",0.0927161599836503,0.0532160831083353,0.0927161599836503
"age","DBP",-0.0829196831115301,-0.100892914795226,0.0829196831115301
"BUN","HDL_C",0.0793242815159166,0.0734024044622765,0.0793242815159166
"HbA1c","HDL_C",-0.078510572877579,-0.103960719543782,0.078510572877579
"age","TG",-0.0589197082579345,-0.0849118429132363,0.0589197082579345
"pulse","waist",0.044393890718707,0.0326221750160444,0.044393890718707
"BUN","SBP",0.0353037342963662,0.0394093796854562,0.0353037342963662
"age","waist",-0.0325095147375779,-0.0409637968811948,0.0325095147375779
"BUN","waist",-0.0282859879869749,-0.0318055736276564,0.0282859879869749
"BUN","FPG",0.0281988109753095,0.00561995303187682,0.0281988109753095
"pulse","SBP",0.0207311878644952,0.0229012499162791,0.0207311878644952
"HbA1c","DBP",0.014911461235074,0.0202048167337489,0.014911461235074
"age","HDL_C",0.00943266169165548,0.020392246627432,0.00943266169165548
"pulse","HDL_C",0.0087960062277627,0.0167845923308556,0.0087960062277627
"BUN","DBP",-0.00311274231205331,-0.00550648336768768,0.00311274231205331
