"Model","DataSet","Threshold","AUC","AUC_CI_Lower","AUC_CI_Upper","PR_AUC","Brier_Score","Accuracy","Sensitivity","Specificity","PPV","NPV","F1_Score","Calibration_Intercept","Calibration_Slope","Calibration_in_the_Large"
"LR","Training",0.185045304280803,0.829944746135705,0.819277493457198,0.840611998814212,0.561717547785639,0.131692330439701,0.723758505863617,0.811443433029909,0.698640342708139,0.435450104675506,0.928235585251175,0.566757493188011,3.14612406644485e-13,1.00000000000206,1.97867090593094e-10
"LR","Testing",0.185045304280803,0.822354732619386,0.805457884633247,0.839251580605526,0.5564524456988,0.132871491179275,0.722635135135135,0.804248861911988,0.699261190786615,0.433715220949264,0.925776754890679,0.563530037214248,-0.00387673820067253,0.984650023502986,0.0123377322534279
"LASSO","Training",0.202442937935022,0.82742946370594,0.816677076304915,0.838181851106964,0.554060251243838,0.133461751280123,0.731431880700738,0.808842652795839,0.709256844850065,0.44349376114082,0.928327645051194,0.572875892240387,0.234134386598619,1.22072862903125,-1.74534029064651e-08
"LASSO","Testing",0.202442937935022,0.819320490728119,0.80231131815487,0.836329663301369,0.547810031754719,0.134678447416699,0.723310810810811,0.773899848254932,0.708822251195133,0.432203389830508,0.916292134831461,0.554649265905383,0.230468066374396,1.20337786999761,0.00959617705228782
"RF","Training",0.095,0.926485270036217,0.920462974333903,0.93250756573853,0.780673090063785,0.0945851431880701,0.794411466628059,0.935630689206762,0.753957906500279,0.521376811594203,0.976127320954907,0.669613773848302,0.468673518418186,0.985349622610849,0.483682986503634
"RF","Testing",0.095,0.819742554368721,0.80209733044589,0.837387778291553,0.598290801306389,0.134343335135135,0.715540540540541,0.767830045523521,0.700564971751412,0.423430962343096,0.913314447592068,0.545846817691478,-0.130214279780972,0.49544248584738,0.517297640288515
"XGB","Training",0.269519105553627,0.857837012120585,0.848061515342937,0.867612508898234,0.650365748909503,0.119239550967664,0.775300419863906,0.770481144343303,0.776680946172472,0.497063758389262,0.921954455007738,0.604283528811831,0.183944405764317,1.21426243297472,-0.000897310401127864
"XGB","Testing",0.269519105553627,0.827909485814375,0.810951707141106,0.844867264487644,0.606570328794022,0.127715724827604,0.76722972972973,0.720789074355083,0.780530204259018,0.484693877551021,0.907070707070707,0.579621720561318,0.0791066647745491,1.05563675830903,0.0269427102841822
"LGBM","Training",0.261274680977712,0.87272362096038,0.86334836333759,0.88209887858317,0.678979008546632,0.113779115046027,0.787027653105545,0.793237971391417,0.785248649655429,0.514117151285293,0.929863255403617,0.623881360265917,0.244125274278889,1.30422185542636,-0.00832485439424631
"LGBM","Testing",0.261274680977712,0.824985376154328,0.807862421339282,0.842108330969373,0.595586011905654,0.128577519475495,0.762837837837838,0.699544764795144,0.78096479791395,0.477720207253886,0.900751879699248,0.567733990147783,0.0561717193719472,1.03336045638763,0.0249020303220368
"CAT","Training",0.249834820579713,0.852262700601948,0.842228353040728,0.862297048163168,0.642563947385849,0.12062304137169,0.760822354133488,0.781534460338101,0.754889178617992,0.47736298649722,0.923444976076555,0.592702169625247,0.134355763249627,1.15346037296179,-0.000282079534047311
"CAT","Testing",0.249834820579713,0.829363626951138,0.812524036131333,0.846203217770942,0.608592078081099,0.126962245930697,0.748648648648649,0.737481031866464,0.751847023033464,0.459791863765374,0.909090909090909,0.566433566433566,0.0752479685968073,1.04880103051033,0.0290727743117075
