"Characteristics","Overall","Absence","Presence","P_value"
"n","9867","7670","2197",""
"age (years)","60.12 (9.46)","59.96 (9.51)","60.68 (9.24)","0.001"
"sex, n (%)","","","","0.018"
"  Male","4627 (46.9)","3646 (47.5)","981 (44.7)",""
"  Female","5240 (53.1)","4024 (52.5)","1216 (55.3)",""
"smoking, n (%)","","","","<0.001"
"  Smoker","2729 (27.7)","2199 (28.7)","530 (24.1)",""
"  Non-smoker","7138 (72.3)","5471 (71.3)","1667 (75.9)",""
"drinking, n (%)","","","","0.004"
"  Drinker","3511 (35.6)","2787 (36.3)","724 (33.0)",""
"  Non-drinker","6356 (64.4)","4883 (63.7)","1473 (67.0)",""
"BMI (kg/m^2)","23.97 (3.71)","23.20 (3.47)","26.65 (3.25)","<0.001"
"waist (cm)","86.52 (10.43)","84.08 (9.73)","95.04 (8.07)","<0.001"
"SBP (mmHg)","128.92 (19.75)","125.79 (19.09)","139.85 (18.08)","<0.001"
"DBP (mmHg)","75.97 (11.47)","74.36 (11.04)","81.60 (11.16)","<0.001"
"pulse (bpm)","73.67 (10.59)","73.16 (10.49)","75.41 (10.76)","<0.001"
"grip (kg)","30.07 (9.61)","29.86 (9.41)","30.81 (10.25)","<0.001"
"CRP (mg/L)","1.30 [0.70, 2.50]","1.20 [0.60, 2.20]","2.20 [1.30, 3.80]","<0.001"
"BUN (mg/dL)","14.85 [12.32, 17.93]","14.85 [12.32, 17.93]","14.29 [12.04, 17.37]","<0.001"
"HDL-C (mg/dL)","51.30 (11.52)","53.37 (11.26)","44.08 (9.33)","<0.001"
"LDL-C (mg/dL)","102.81 (28.81)","103.33 (28.41)","101.00 (30.10)","0.001"
"TC (mg/dL)","184.39 (36.39)","182.49 (35.04)","191.03 (40.04)","<0.001"
"UA (mg/dL)","4.80 [3.90, 5.70]","4.70 [3.80, 5.60]","5.20 [4.40, 6.20]","<0.001"
"CREA (mg/dL)","0.76 [0.65, 0.89]","0.76 [0.66, 0.89]","0.76 [0.64, 0.90]","0.085"
"HbA1c (%)","5.80 [5.50, 6.10]","5.70 [5.50, 6.00]","6.10 [5.70, 6.80]","<0.001"
"TG (mg/dL)","112.39 [81.42, 164.60]","99.12 [76.11, 132.74]","193.81 [156.64, 269.91]","<0.001"
"FPG (mg/dL)","93.69 [88.29, 102.70]","91.89 [86.49, 99.10]","108.11 [95.50, 127.93]","<0.001"
